{"cameraMode":{"drawMode":0,"name":"Shaded","section":"Shading Mode"},"sceneLighting":true,"audioPlay":false,"sceneViewState":{"showFog":true,"showMaterialUpdate":true,"showSkybox":true,"showFlares":true,"showImageEffects":true,"showParticleSystems":true},"in2DMode":false,"pivot":{"x":-8.902706146240235,"y":6.538410186767578,"z":-18.875934600830079},"rotation":{"x":-0.12260018289089203,"y":0.695384681224823,"z":0.1222330704331398,"w":0.6974738836288452},"size":49.07475280761719,"orthographic":false}